age_months,segment_id,segment_name,Dice,Accuracy,False Discovery Rate,False Negative Rate,False Omission Rate,False Positive Rate,Jaccard,Negative Predictive Value,Precision,Recall,Total Positives Reference,Total Positives Test,True Negative Rate
0,2,Left-Cerebral-White-Matter,0.9226738276775226,0.9924146045739337,0.07523850422797396,0.07924218435211478,0.004131888595886278,0.0038457158291854143,0.8564834203464904,0.9958681114041137,0.924761495772026,0.9207578156478853,229747,228477,0.9961542841708146
0,3,Left-Cerebral-Cortex,0.919044181853527,0.9900745655462637,0.08052914828381164,0.08115683286567343,0.005251852962225266,0.005324683205311431,0.850234029416997,0.9947481470377748,0.9194708517161884,0.9188431671343266,286313,286609,0.9946753167946886
0,4,Left-Lateral-Ventricle,0.9272309944313911,0.9994389879085896,0.02981737817738811,0.11133451735334532,0.00046880157963278765,9.440751338546383e-05,0.864356968906826,0.9995311984203672,0.970182621822612,0.8886654826466547,18722,16974,0.9999055924866145
0,8,Left-Cerebellum-Cortex,0.9623339912749885,0.9993220926134972,0.014502704313998915,0.05961634146767092,0.0005584870578652266,0.00012548711565379955,0.9274334069886689,0.9994415129421348,0.9854972956860011,0.9403836585323291,42912,40900,0.9998745128843463
0,10,Left-Thalamus-Proper*,0.9637477299660904,0.9997399719621942,0.04049519708401356,0.03197014126637532,0.00011453468425062706,0.00014642881318049916,0.9300397539854504,0.9998854653157494,0.9595048029159865,0.9680298587336247,16747,16896,0.9998535711868195
0,11,Left-Caudate,0.9279902928780697,0.9998688127618944,0.05187640481210437,0.09082080552861177,8.390608072063315e-05,4.74000685915521e-05,0.8656559121233034,0.9999160939192794,0.9481235951878957,0.9091791944713883,4353,4182,0.9999525999314085
0,12,Left-Putamen,0.9255806296468168,0.9998346827487289,0.055004157306983825,0.09217080900646973,0.00010463580254497059,6.0863260205934466e-05,0.8615491138193274,0.9998953641974551,0.9449958426930162,0.9078291909935303,5322,5117,0.9999391367397941
0,13,Left-Pallidum,0.8934947538337369,0.9999055025260476,0.13325974751734648,0.07797173667002011,3.350541551994439e-05,6.103360853548789e-05,0.8079183747287195,0.9999664945844801,0.8667402524826535,0.9220282633299799,2018,2147,0.9999389663914645
0,14,3rd-Ventricle,0.8891960386205284,0.9999483783550869,0.08716938704001048,0.13191914280256328,3.264444096148279e-05,1.898930753263528e-05,0.8011487106611007,0.9999673555590385,0.9128306129599895,0.8680808571974368,1092,1028,0.9999810106924674
0,15,4th-Ventricle,0.8691698865074909,0.9999524312941503,0.09404845201145817,0.16438791490400256,3.114905764024063e-05,1.6428175134475254e-05,0.768732782369146,0.9999688509423598,0.9059515479885418,0.8356120850959974,887,818,0.9999835718248655
0,16,Brain-Stem,0.9624445991575199,0.9996870704417875,0.026818303901448792,0.048057464948360495,0.0002032724536553545,0.00011096402657367888,0.927615399599701,0.9997967275463446,0.9731816960985512,0.9519425350516395,19788,19357,0.9998890359734263
0,17,Left-Hippocampus,0.904196175701579,0.9998257236202729,0.0749170932740913,0.11562234690875467,0.0001076050485406029,6.682907706062613e-05,0.825176390682788,0.9998923949514594,0.9250829067259088,0.8843776530912453,4363,4172,0.9999331709229393
0,18,Left-Amygdala,0.9225109034267913,0.999955844295467,0.048000540524888224,0.1051413821474399,3.0938869022804056e-05,1.3229269050618608e-05,0.8563439244310863,0.9999690611309772,0.9519994594751118,0.8948586178525602,1371,1288,0.9999867707309493
0,26,Left-Accumbens-area,0.7596951174607851,0.9999622436729355,0.09698490378234903,0.332003585835948,3.071897412466303e-05,7.039910981554431e-06,0.613784446744088,0.9999692810258753,0.903015096217651,0.667996414164052,424,313,0.9999929600890185
0,28,Left-VentralDC,0.9206719044443801,0.9999296068478458,0.10184061917274118,0.055655815787521656,2.411530567924646e-05,4.630886284123781e-05,0.8530429727319062,0.9999758846943207,0.8981593808272588,0.9443441842124783,2025,2129,0.9999536911371587
0,41,Right-Cerebral-White-Matter,0.9287359014216272,0.992933594086634,0.06701036131148941,0.07532469664238939,0.003981190779657307,0.003454575151810746,0.8670191578725334,0.9960188092203427,0.9329896386885106,0.9246753033576106,232395,230050,0.9965454248481893
0,42,Right-Cerebral-Cortex,0.9210605053346075,0.9905924884960524,0.0800390502328639,0.07774056277993763,0.004888477302583334,0.0051179642891420185,0.8537233772346051,0.9951115226974168,0.9199609497671362,0.9222594372200623,277430,278432,0.994882035710858
0,43,Right-Lateral-Ventricle,0.9362358229194863,0.9994746111098312,0.029924460248873797,0.09452349590772763,0.0004324085585189516,9.526923653419006e-05,0.880121160924202,0.999567591441481,0.9700755397511263,0.9054765040922723,19935,18362,0.9999047307634659
0,47,Right-Cerebellum-Cortex,0.9672342309510197,0.9994136037112976,0.02030740900873168,0.04488841463842691,0.00041216104114107994,0.00017952316665292845,0.9365566826558736,0.9995878389588588,0.9796925909912684,0.955111585361573,42300,41219,0.9998204768333471
0,49,Right-Thalamus-Proper*,0.9625995238925096,0.9997457314019159,0.03103745937236585,0.04351710049004759,0.00014982379979066733,0.00010530908257205818,0.9279051254811105,0.9998501762002093,0.9689625406276341,0.9564828995099524,16037,15829,0.999894690917428
0,50,Right-Caudate,0.9314748070989807,0.9998681728241476,0.031245978955753817,0.10300004896304582,0.00010312565566486943,2.8826011428451093e-05,0.8717903610042148,0.9998968743443352,0.9687540210442462,0.8969999510369542,4662,4314,0.9999711739885715
0,51,Right-Putamen,0.9302805588687686,0.9998372424997164,0.060721669381800125,0.07640153102782893,8.969215146152809e-05,7.325256586176998e-05,0.8696494626825861,0.9999103078485385,0.9392783306181999,0.923598468972171,5509,5432,0.9999267474341382
0,52,Right-Pallidum,0.9151704544680712,0.9999247006584533,0.09499112215909089,0.07441969552011446,3.265151146007817e-05,4.2681260075061456e-05,0.8442770414825929,0.9999673484885399,0.9050088778409091,0.9255803044798856,2077,2124,0.9999573187399249
0,53,Right-Hippocampus,0.9023313758393521,0.9998451350652608,0.09068164373204163,0.10303059113537488,8.347066218877412e-05,7.151604656208121e-05,0.8220605904462417,0.9999165293378112,0.9093183562679583,0.8969694088646252,3742,3686,0.9999284839534379
0,54,Right-Amygdala,0.916638298895661,0.9999513647312389,0.045598431619732704,0.11816813282243727,3.584654933604727e-05,1.2802639460407494e-05,0.8461195215060031,0.9999641534506639,0.9544015683802674,0.8818318671775627,1422,1314,0.9999871973605396
0,58,Right-Accumbens-area,0.8372593888814106,0.9999788820543538,0.09825870646766166,0.20153920153920157,1.5146070130555843e-05,5.973109427459544e-06,0.721402949382224,0.9999848539298695,0.9017412935323383,0.7984607984607984,321,278,0.9999940268905725
0,60,Right-VentralDC,0.92429785281255,0.9999353662875675,0.07778836230848613,0.07339309488773438,3.1370309289323786e-05,3.3290963505461235e-05,0.8596683079276697,0.9999686296907107,0.9222116376915139,0.9266069051122656,1999,2008,0.9999667090364945
1,2,Left-Cerebral-White-Matter,0.8963852987558154,0.997443163248688,0.10644796759792785,0.10076341034995273,0.0012548279466687606,0.0013339465131473327,0.81222667453166,0.9987451720533312,0.8935520324020721,0.8992365896500473,88812,89377,0.9986660534868527
1,3,Left-Cerebral-Cortex,0.8613715364223964,0.9959516866841194,0.1753681878438993,0.09846236313642187,0.0013949011784446916,0.0027125288243053935,0.756499212847659,0.9986050988215553,0.8246318121561007,0.9015376368635781,100739,110134,0.9972874711756946
1,4,Left-Lateral-Ventricle,0.9350466820600342,0.9999104006186373,0.03281412253374871,0.09502526233968134,6.776403758368131e-05,2.1896133059806644e-05,0.8780165912518854,0.9999322359624163,0.9671858774662513,0.9049747376603187,5146,4815,0.9999781038669402
1,8,Left-Cerebellum-Cortex,0.9716386554621849,0.999857915045938,0.02523571824736548,0.03146698997024133,7.92725033256967e-05,6.316912415382792e-05,0.9448416751787538,0.9999207274966743,0.9747642817526345,0.9685330100297587,18146,18030,0.9999368308758462
1,10,Left-Thalamus-Proper*,0.9532114707362066,0.9999227257267382,0.05971877584780816,0.0334977044720286,2.73042765011219e-05,5.003360290034564e-05,0.9106055751361743,0.9999726957234989,0.9402812241521918,0.9665022955279714,5881,6045,0.9999499663970997
1,11,Left-Caudate,0.8623012665049852,0.9999292344916904,0.03672486453943402,0.2195121951219512,6.233230014082944e-05,8.449944881472327e-06,0.757934628138323,0.9999376676998591,0.963275135460566,0.7804878048780488,2050,1661,0.9999915500551185
1,12,Left-Putamen,0.8484848484848485,0.9999224487580168,0.18798549974106682,0.11161473087818696,2.728871642050721e-05,5.028211312863018e-05,0.7368421052631579,0.9999727112835795,0.8120145002589332,0.888385269121813,1765,1931,0.9999497178868714
1,13,Left-Pallidum,0.8633235004916421,0.9999807506738649,0.06794055201698512,0.19597069597069594,1.481879316579418e-05,4.431834643825461e-06,0.759515570934256,0.9999851812068342,0.9320594479830149,0.8040293040293041,546,471,0.9999955681653562
1,14,3rd-Ventricle,0.9333333333333333,0.9999919679070803,0.07093821510297482,0.06235565819861433,3.7393040324239207e-06,4.29327262185808e-06,0.875,0.9999962606959676,0.9290617848970252,0.9376443418013857,433,437,0.9999957067273781
1,15,4th-Ventricle,0.9086705202312139,0.999989059735506,0.14935064935064934,0.02481389578163773,1.3849322144927617e-06,9.5559541973822e-06,0.8326271186440678,0.9999986150677855,0.8506493506493507,0.9751861042183623,403,462,0.9999904440458026
1,16,Brain-Stem,0.9656097733210931,0.9999325581163468,0.03595600676818955,0.03281935210072151,3.21599569721955e-05,3.534811586913822e-05,0.9335062807209176,0.9999678400430279,0.9640439932318104,0.9671806478992785,7069,7092,0.9999646518841309
1,17,Left-Hippocampus,0.8846866889136077,0.9999569313638272,0.12728602779809806,0.10300751879699244,1.897594971511836e-05,2.410071773040201e-05,0.793218085106383,0.9999810240502849,0.8727139722019019,0.8969924812030076,1330,1367,0.9999758992822696
1,18,Left-Amygdala,0.8815628815628815,0.9999865670170136,0.16435185185185186,0.06718346253229979,3.6008087970528764e-06,9.832916588514706e-06,0.7882096069868996,0.999996399191203,0.8356481481481481,0.9328165374677002,387,432,0.9999901670834115
1,26,Left-Accumbens-area,0.7933884297520661,0.9999965378909829,0.1578947368421053,0.25,2.2157672613462863e-06,1.2463702927512088e-06,0.6575342465753424,0.9999977842327387,0.8421052631578947,0.75,64,57,0.9999987536297072
1,28,Left-VentralDC,0.9023136246786633,0.999978950377176,0.05135135135135138,0.13970588235294112,1.5788835132983542e-05,5.263000442123911e-06,0.8220140515222483,0.999984211164867,0.9486486486486486,0.8602941176470589,816,740,0.9999947369995579
1,41,Right-Cerebral-White-Matter,0.8985812960362272,0.9975497962064148,0.1115582104439885,0.09104508767047037,0.0011006883823750223,0.0013794360038122955,0.815839873430897,0.998899311617625,0.8884417895560115,0.9089549123295296,86232,88223,0.9986205639961877
1,42,Right-Cerebral-Cortex,0.8705176337017655,0.9962411189979493,0.15032825813661121,0.1075878797363119,0.0015463235665193957,0.0022676606558137413,0.7707226422266334,0.9984536764334806,0.8496717418633888,0.8924121202636881,102242,107385,0.9977323393441863
1,43,Right-Lateral-Ventricle,0.9007303218826075,0.9998983524792578,0.04666475808760373,0.14637272494232245,7.91128388776285e-05,2.2585151911447277e-05,0.8193897637795275,0.9999208871611224,0.9533352419123963,0.8536272750576775,3901,3493,0.9999774148480886
1,47,Right-Cerebellum-Cortex,0.966434524489097,0.9998371423918354,0.03251614377964451,0.034612533500598786,8.4264207577032e-05,7.898943498951816e-05,0.935049154976251,0.999915735792423,0.9674838562203555,0.9653874664994012,17537,17499,0.9999210105650105
1,49,Right-Thalamus-Proper*,0.9669714498973689,0.9999509765363178,0.020601020601020648,0.0451446471346969,3.395354683600756e-05,1.5106148410271025e-05,0.9360549132947977,0.999966046453164,0.9793989793989794,0.9548553528653031,5427,5291,0.9999848938515897
1,50,Right-Caudate,0.84,0.9999335275068716,0.058999253174010446,0.24142083082480437,5.554252791635323e-05,1.0942781580314254e-05,0.7241379310344828,0.9999444574720836,0.9410007468259896,0.7585791691751956,1661,1339,0.9999890572184197
1,51,Right-Putamen,0.8766472240224671,0.9999209254300493,0.15669160432252704,0.08726945569050837,2.687492051811522e-05,5.2224681384438476e-05,0.7803846153846153,0.9999731250794819,0.843308395677473,0.9127305443094916,2223,2406,0.9999477753186156
1,52,Right-Pallidum,0.8343245539507221,0.9999729955496666,0.11371841155234652,0.2118780096308186,1.828133816071457e-05,8.725267502174283e-06,0.7157434402332361,0.9999817186618393,0.8862815884476535,0.7881219903691814,623,554,0.9999912747324978
1,53,Right-Hippocampus,0.9053747161241483,0.999965378909829,0.13458755426917512,0.050793650793650835,8.864695656991683e-06,2.5762586408517585e-05,0.8271092669432918,0.999991135304343,0.8654124457308249,0.9492063492063492,1260,1382,0.9999742374135915
1,54,Right-Amygdala,0.8863636363636364,0.9999847667203248,0.15717092337917482,0.065359477124183,4.154823687979389e-06,1.1079453112627924e-05,0.7959183673469388,0.999995845176312,0.8428290766208252,0.934640522875817,459,509,0.9999889205468874
1,58,Right-Accumbens-area,0.6721311475409836,0.9999944606255726,0.30508474576271183,0.3492063492063492,3.046680828193098e-06,2.492740240223057e-06,0.5061728395061729,0.9999969533191718,0.6949152542372882,0.6507936507936508,63,59,0.9999975072597598
1,60,Right-VentralDC,0.9062087186261559,0.9999803352207829,0.1102464332036317,0.0767160161507402,7.894451460965192e-06,1.1772381964259004e-05,0.8285024154589372,0.999992105548539,0.8897535667963683,0.9232839838492598,743,771,0.9999882276180357
2,2,Left-Cerebral-White-Matter,0.9074150360453141,0.9975100511948984,0.09461764524548388,0.0905431349476683,0.0012313801480519852,0.001292505070780381,0.8305212555377509,0.998768619851948,0.9053823547545161,0.9094568650523317,96882,97318,0.9987074949292196
2,3,Left-Cerebral-Cortex,0.9036174254284343,0.9968028115648844,0.09650704601616245,0.09625806882614762,0.0016232358030588425,0.0016278753086943487,0.8241807617031323,0.9983767641969411,0.9034929539838376,0.9037419311738524,119751,119784,0.9983721246913057
2,4,Left-Lateral-Ventricle,0.9373405789065099,0.9999217563362134,0.04755465404552628,0.07729257641921394,4.9053604920326e-05,2.9238745023141277e-05,0.8820705489459403,0.9999509463950796,0.9524453459544737,0.9227074235807861,4580,4437,0.9999707612549769
2,8,Left-Cerebellum-Cortex,0.9670875906911355,0.999818447003143,0.030063450498539646,0.03574468085106386,9.91504996268664e-05,8.290449582615267e-05,0.9362726035387906,0.9999008495003732,0.9699365495014604,0.9642553191489361,19975,19858,0.9999170955041738
2,10,Left-Thalamus-Proper*,0.9538967346633789,0.9999145551494578,0.028758368837492387,0.06283952429892825,5.932529946801285e-05,2.6198254808096344e-05,0.9118571428571428,0.9999406747005319,0.9712416311625076,0.9371604757010717,6811,6572,0.9999738017451919
2,11,Left-Caudate,0.8646119977985691,0.9999318656945434,0.08927536231884059,0.177056050288109,4.6818898268213275e-05,2.133223107569915e-05,0.7615123606398448,0.9999531811017318,0.9107246376811594,0.822943949711891,1909,1725,0.9999786677689243
2,12,Left-Putamen,0.8182437031994554,0.9998890740270919,0.2676685621445979,0.0730077120822622,1.967148618078096e-05,9.128578170614077e-05,0.6923963133640553,0.9999803285138192,0.7323314378554021,0.9269922879177378,1945,2462,0.9999087142182939
2,13,Left-Pallidum,0.8138862102217936,0.999973272518388,0.16600790513833996,0.20527306967984937,1.509585312759763e-05,1.1633541772249067e-05,0.6861788617886179,0.9999849041468724,0.83399209486166,0.7947269303201506,531,506,0.9999883664582278
2,14,3rd-Ventricle,0.9078125,0.9999836588454393,0.0964230171073095,0.08791208791208793,7.755814818287491e-06,8.586787841990962e-06,0.8311874105865522,0.9999922441851817,0.9035769828926905,0.9120879120879121,637,643,0.999991413212158
2,15,4th-Ventricle,0.8806133625410734,0.9999849052046854,0.13174946004319654,0.10666666666666669,6.647675550223258e-06,8.44807246835888e-06,0.786692759295499,0.9999933523244497,0.8682505399568035,0.8933333333333333,450,463,0.9999915519275316
2,16,Brain-Stem,0.9677264834441052,0.9999253569295913,0.028842687177021986,0.03568019093078756,4.145459314812419e-05,3.327486200632723e-05,0.9374709976798143,0.9999585454068519,0.971157312822978,0.9643198090692124,8380,8321,0.9999667251379937
2,17,Left-Hippocampus,0.9120415449529373,0.9999624707382546,0.08049738219895286,0.09529942047649709,2.0500023270296684e-05,1.703724049895161e-05,0.8383054892601431,0.9999794999767297,0.9195026178010471,0.9047005795235029,1553,1528,0.999982962759501
2,18,Left-Amygdala,0.8673684210526316,0.9999825509705538,0.11965811965811968,0.1452282157676349,9.694533557212429e-06,7.75564188326694e-06,0.7657992565055762,0.9999903054664427,0.8803418803418803,0.8547717842323651,482,468,0.9999922443581167
2,26,Left-Accumbens-area,0.631578947368421,0.9999932142663265,0.4545454545454546,0.25,1.9388017235947323e-06,4.8469902129699705e-06,0.46153846153846156,0.9999980611982764,0.5454545454545454,0.75,56,77,0.999995153009787
2,28,Left-VentralDC,0.9079678814082767,0.999979365830258,0.11976047904191611,0.0625,6.786518428790793e-06,1.3849939780485876e-05,0.831447963800905,0.9999932134815712,0.8802395209580839,0.9375,784,835,0.9999861500602195
2,41,Right-Cerebral-White-Matter,0.9044066047471621,0.9974344387339649,0.10277857406118185,0.08829220590071163,0.0011914328021791975,0.0014090006495522944,0.8254947580607179,0.9988085671978209,0.8972214259388182,0.9117077940992884,96124,97676,0.9985909993504477
2,42,Right-Cerebral-Cortex,0.8883513882098655,0.9963946981539481,0.1241935074708902,0.0987391118962051,0.001597545071481237,0.0020668120532280065,0.7991296699226887,0.9984024549285188,0.8758064925291098,0.9012608881037949,114919,118259,0.997933187946772
2,43,Right-Lateral-Ventricle,0.9150066401062417,0.9999113700091621,0.07392473118279574,0.09580052493438318,5.0572844848608454e-05,3.81033034594358e-05,0.8433292533659731,0.9999494271551513,0.9260752688172043,0.9041994750656168,3810,3720,0.9999618966965406
2,47,Right-Cerebellum-Cortex,0.9539231319074064,0.9997679002114933,0.06695708292997737,0.0242407199100112,5.9840848334966575e-05,0.00017283860123173955,0.9119053876478318,0.999940159151665,0.9330429170700226,0.9757592800899888,17780,18594,0.9998271613987683
2,49,Right-Thalamus-Proper*,0.9581488597443822,0.9999306193352973,0.027966101694915202,0.055345083182342325,4.6568794583383924e-05,2.286914648608196e-05,0.9196600384862091,0.9999534312054166,0.9720338983050848,0.9446549168176577,6071,5900,0.9999771308535139
2,50,Right-Caudate,0.7871821664925113,0.9999153860556219,0.050420168067226934,0.3277810826888756,7.631745957875532e-05,8.31099637621513e-06,0.6490522688110282,0.9999236825404213,0.9495798319327731,0.6722189173111244,1681,1190,0.9999916890036238
2,51,Right-Putamen,0.9049586776859504,0.9999235566329023,0.13495720868992755,0.051263537906137135,1.96730559764943e-05,5.6800376600385505e-05,0.8264150943396227,0.9999803269440235,0.8650427913100724,0.9487364620938629,2770,3038,0.9999431996233996
2,52,Right-Pallidum,0.8836524300441826,0.9999781194710119,0.10979228486646886,0.1228070175438597,1.163377217583948e-05,1.0248813492097497e-05,0.7915567282321899,0.9999883662278242,0.8902077151335311,0.8771929824561403,684,674,0.9999897511865079
2,53,Right-Hippocampus,0.9113089350478074,0.9999627477069759,0.09791122715404699,0.07928047968021323,1.648313595124316e-05,2.0776972908587155e-05,0.837068443367656,0.9999835168640487,0.902088772845953,0.9207195203197868,1501,1532,0.9999792230270914
2,54,Right-Amygdala,0.9179170344218888,0.9999871209544564,0.09565217391304348,0.06810035842293904,5.262824776880466e-06,7.617228453438152e-06,0.8482871125611745,0.9999947371752231,0.9043478260869565,0.931899641577061,558,575,0.9999923827715466
2,58,Right-Accumbens-area,0.8368794326241135,0.9999968148597043,0.14492753623188404,0.18055555555555558,1.8003138916512936e-06,1.3848574150765458e-06,0.7195121951219512,0.9999981996861084,0.855072463768116,0.8194444444444444,72,69,0.9999986151425849
2,60,Right-VentralDC,0.9408866995073891,0.9999867055013744,0.08173076923076927,0.03535353535353536,3.878008919420514e-06,9.417969485725486e-06,0.8883720930232558,0.9999961219910806,0.9182692307692307,0.9646464646464646,792,832,0.9999905820305143
3,2,Left-Cerebral-White-Matter,0.9406813478474716,0.9982296159330134,0.06482087996235852,0.05375129524005118,0.0008095445840722174,0.0009876426589094933,0.8880060272100501,0.9991904554159278,0.9351791200376415,0.9462487047599488,107123,108391,0.9990123573410905
3,3,Left-Cerebral-Cortex,0.9410952220095334,0.9978266264434225,0.07031516499814605,0.04721082231342144,0.0008766356833623522,0.0013374799631903356,0.8887439565581092,0.9991233643166376,0.929684835001854,0.9527891776865786,131580,134850,0.9986625200368097
3,4,Left-Lateral-Ventricle,0.19286889742183214,0.9989811705584465,0.8123398804440649,0.8016249153689912,0.000492215730172658,0.0005272565297707033,0.10672656629431763,0.9995077842698273,0.1876601195559351,0.1983750846310088,4431,4684,0.9994727434702293
3,8,Left-Cerebellum-Cortex,0.2933699371967959,0.9947957577254886,0.690239834815756,0.7213729552110866,0.002806757452353079,0.00241664365829497,0.1719001344174875,0.997193242547647,0.309760165184244,0.2786270447889135,27998,25184,0.997583356341705
3,10,Left-Thalamus-Proper*,0.08261741122565865,0.9982254614021929,0.9142390011890607,0.9203038674033149,0.0009235818174559875,0.0008526722145578702,0.043088641624971995,0.999076418182544,0.08576099881093936,0.07969613259668508,7240,6728,0.9991473277854421
3,11,Left-Caudate,0.0004257130693912303,0.9993496774422271,0.999578947368421,0.9995695221696083,0.00032166648172921914,0.0003288676687203118,0.00021290185224611454,0.9996783335182707,0.0004210526315789474,0.00043047783039173483,2323,2375,0.9996711323312797
3,12,Left-Putamen,0.4786428355043926,0.9995233368305251,0.3901968351987649,0.606083271004737,0.00033677632053791116,0.0001400855006518098,0.314615690959777,0.9996632236794621,0.6098031648012351,0.39391672899526303,4011,2591,0.9998599144993482
3,13,Left-Pallidum,0.25882352941176473,0.9998342342202611,0.6833333333333333,0.7811518324607329,0.00010331877637329489,6.246470778636937e-05,0.14864864864864866,0.9998966812236267,0.31666666666666665,0.218848167539267,955,660,0.9999375352922136
3,14,3rd-Ventricle,0.8930323846908734,0.9999849052046854,0.08999999999999997,0.12331406551059731,8.863612819664812e-06,6.232244163295597e-06,0.8067375886524822,0.9999911363871803,0.91,0.8766859344894027,519,500,0.9999937677558367
3,15,4th-Ventricle,0.9025270758122743,0.9999850436890461,0.021526418786692814,0.16247906197654938,1.3433933645508405e-05,1.5234539193498264e-06,0.8223684210526315,0.9999865660663545,0.9784735812133072,0.8375209380234506,597,511,0.9999984765460807
3,16,Brain-Stem,0.9668981107702245,0.9999148321181792,0.04588910133843216,0.019967266775777426,2.5375720122724194e-05,5.9901271057816174e-05,0.9359174742106908,0.9999746242798773,0.9541108986615678,0.9800327332242226,9165,9414,0.9999400987289422
3,17,Left-Hippocampus,0.5330277141071057,0.9996896565477068,0.33071690214547356,0.5571329639889196,0.00022288032019410672,8.75571338005976e-05,0.3633522727272727,0.9997771196798059,0.6692830978545264,0.44286703601108035,2888,1911,0.9999124428661994
3,18,Left-Amygdala,0.3896809232858113,0.9998755025597449,0.5110732538330494,0.6760722347629797,8.295887580336115e-05,4.155040632147777e-05,0.24198988195615515,0.9999170411241967,0.4889267461669506,0.3239277652370203,886,587,0.9999584495936785
3,26,Left-Accumbens-area,0.0,0.9999702258624529,1.0,1.0,1.7033793384240833e-05,1.2740778204012315e-05,0.0,0.9999829662066158,0.0,0.0,123,92,0.999987259221796
3,28,Left-VentralDC,0.0,0.9997144452482692,1.0,1.0,0.00015332246456651363,0.00013227284216943413,0.0,0.9998466775354334,0.0,0.0,1107,955,0.9998677271578306
3,41,Right-Cerebral-White-Matter,0.942690271074396,0.9983408188746429,0.08376802700214792,0.02927790365481231,0.00041779802726792846,0.001265393940772963,0.8915933006994272,0.9995822019727321,0.9162319729978521,0.9707220963451877,101510,107547,0.998734606059227
3,42,Right-Cerebral-Cortex,0.9506827696556561,0.9981304611307635,0.031622112407716174,0.0663772691397001,0.0013054097104081696,0.0006000003953874344,0.9060012950932677,0.9986945902895918,0.9683778875922838,0.9336227308602999,139370,134368,0.9993999996046126
3,43,Right-Lateral-Ventricle,0.20754716981132076,0.999011221664715,0.808910688739015,0.7728928831673549,0.0004409560292560883,0.0005484337836872966,0.11578947368421053,0.9995590439707439,0.19108931126098508,0.22710711683264512,4117,4893,0.9994515662163127
3,47,Right-Cerebellum-Cortex,0.23063943930085662,0.9950746652279064,0.7805901963205334,0.7569194291185992,0.00230660153527954,0.0026344956127161145,0.1303518595496002,0.9976933984647205,0.2194098036794666,0.24308057088140075,21931,24297,0.9973655043872839
3,49,Right-Thalamus-Proper*,0.0,0.9984036907743935,1.0,1.0,0.0007449881356308074,0.000852590415536647,0.0,0.9992550118643692,0.0,0.0,5375,6152,0.9991474095844634
3,50,Right-Caudate,0.0,0.9994385844017863,1.0,1.0,0.0003293922615812269,0.00023217624781568524,0.0,0.9996706077384188,0.0,0.0,2378,1676,0.9997678237521843
3,51,Right-Putamen,0.14855072463768115,0.9993491235047843,0.8796948356807511,0.8058712121212122,0.00023581167431276553,0.00041529757913927323,0.08023483365949119,0.9997641883256873,0.12030516431924883,0.19412878787878787,2112,3408,0.9995847024208607
3,52,Right-Pallidum,0.0,0.9998327108922935,1.0,1.0,7.25726793223817e-05,9.473017687955387e-05,0.0,0.9999274273206776,0.0,0.0,524,684,0.9999052698231204
3,53,Right-Hippocampus,0.29325975561687034,0.9997516975412932,0.7702285361334157,0.5947712418300654,7.562941751635487e-05,0.00017271195440959897,0.171824480369515,0.9999243705824836,0.2297714638665843,0.40522875816993464,918,1619,0.9998272880455904
3,54,Right-Amygdala,0.048830111902339775,0.9998705171227603,0.9585492227979274,0.9405940594059405,5.262827692389937e-05,7.686312049315358e-05,0.02502606882168926,0.9999473717230761,0.04145077720207254,0.0594059405940594,404,579,0.9999231368795068
3,58,Right-Accumbens-area,0.0,0.9999703643468136,1.0,1.0,1.744924209355453e-05,1.2186836388705657e-05,0.0,0.9999825507579064,0.0,0.0,126,88,0.9999878131636113
3,60,Right-VentralDC,0.01316872427983539,0.9996679145030793,0.9823982398239824,0.9894806048652203,0.00020844520238782636,0.0001236925880436779,0.006628003314001657,0.9997915547976122,0.0176017601760176,0.01051939513477975,1521,909,0.9998763074119563
4,2,Left-Cerebral-White-Matter,0.8354269050062105,0.9936697413887655,0.21842812586310267,0.10274692981099387,0.0018785210782196326,0.004572230955406598,0.7173675131234813,0.9981214789217804,0.7815718741368973,0.8972530701890061,129308,148447,0.9954277690445934
4,3,Left-Cerebral-Cortex,0.8481723862729449,0.9920964205670325,0.10131577463835928,0.19696343834691765,0.005551102369426289,0.002559196003484754,0.7363709431556775,0.9944488976305738,0.8986842253616407,0.8030365616530823,198514,177386,0.9974408039965152
4,4,Left-Lateral-Ventricle,0.8976610146773004,0.9997885343812353,0.11145017911635935,0.09303900325027081,9.523816125193128e-05,0.00011644593692405891,0.8143239299610895,0.9999047618387481,0.8885498208836407,0.9069609967497292,7384,7537,0.9998835540630759
4,8,Left-Cerebellum-Cortex,0.9662999120365697,0.9996763620490811,0.026979148516001583,0.040328817345974266,0.00019592023931211958,0.00012927701308595996,0.9347971653367557,0.9998040797606879,0.9730208514839984,0.9596711826540257,34913,34434,0.999870722986914
4,10,Left-Thalamus-Proper*,0.9279395900755124,0.9998149848941259,0.018036529680365287,0.12044989775051129,0.00016333271956465314,2.191020366504315e-05,0.8655665123767358,0.9998366672804353,0.9819634703196347,0.8795501022494887,9780,8760,0.999978089796335
4,11,Left-Caudate,0.8913365115896762,0.9999084618375877,0.08350236646382692,0.13248000000000004,5.735602045642647e-05,3.422044645351452e-05,0.8039739027283511,0.9999426439795436,0.9164976335361731,0.86752,3125,2958,0.9999657795535465
4,12,Left-Putamen,0.7752951096121417,0.9998523756715106,0.3344191096634094,0.07168096920747102,1.9672306476802125e-05,0.00012799466301038898,0.6330464716006885,0.9999803276935232,0.6655808903365906,0.928319030792529,1981,2763,0.9998720053369896
4,13,Left-Pallidum,0.738909090909091,0.9999502841145144,0.31165311653116534,0.20251177394034536,1.7866308491039284e-05,3.185421296203472e-05,0.5859284890426759,0.999982133691509,0.6883468834688347,0.7974882260596546,637,738,0.999968145787038
4,14,3rd-Ventricle,0.8358913813459268,0.9999615013477298,0.12267657992565051,0.20180383314543404,2.4791471179914754e-05,1.371163598518077e-05,0.718052738336714,0.99997520852882,0.8773234200743495,0.798196166854566,887,807,0.9999862883640148
4,15,4th-Ventricle,0.9050873196659074,0.9999826894549145,0.09146341463414631,0.09833585476550677,9.002301265197269e-06,8.309822306928893e-06,0.826629680998613,0.9999909976987348,0.9085365853658537,0.9016641452344932,661,656,0.9999916901776931
4,16,Brain-Stem,0.9385868182203749,0.9997994746457293,0.043812651227099875,0.07837747792770278,0.00013052295178834475,7.032850207500108e-05,0.8842803484376248,0.9998694770482116,0.9561873487729001,0.9216225220722972,12006,11572,0.999929671497925
4,17,Left-Hippocampus,0.8753294141496047,0.9999148321181792,0.11769513690232936,0.1315366049879324,4.5299736721254925e-05,3.9897231381536e-05,0.7782984859408796,0.9999547002632787,0.8823048630976706,0.8684633950120676,2486,2447,0.9999601027686185
4,18,Left-Amygdala,0.8541374474053296,0.9999711952529777,0.152990264255911,0.13861386138613863,1.3572818796082663e-05,1.523477128795303e-05,0.7454100367197063,0.9999864271812039,0.847009735744089,0.8613861386138614,707,719,0.999984765228712
4,26,Left-Accumbens-area,0.5748502994011976,0.9999901676103914,0.5514018691588785,0.19999999999999996,1.6618369530219466e-06,8.1706451707797e-06,0.40336134453781514,0.999998338163047,0.4485981308411215,0.8,60,107,0.9999918293548292
4,28,Left-VentralDC,0.824945295404814,0.9999556850045811,0.251984126984127,0.08048780487804874,9.141243851820992e-06,3.517902244420945e-05,0.702048417132216,0.9999908587561481,0.748015873015873,0.9195121951219513,820,1008,0.9999648209775558
4,41,Right-Cerebral-White-Matter,0.8415643218505748,0.9936810971063416,0.22831416599803867,0.07464168174772257,0.001383778072291681,0.005056929597198834,0.7264661627091413,0.9986162219277083,0.7716858340019613,0.9253583182522774,130959,157038,0.9949430704028012
4,42,Right-Cerebral-Cortex,0.8478778014273194,0.99209185058313,0.08341540676745862,0.2112468031958129,0.006047898184396048,0.0020633205627709206,0.735926972397305,0.993952101815604,0.9165845932325414,0.7887531968041871,201764,173625,0.9979366794372291
4,43,Right-Lateral-Ventricle,0.9166778298727395,0.9998277254553088,0.059122782895641435,0.10630795350659528,0.00011283992159982057,5.961148560829077e-05,0.8461728700383331,0.9998871600784002,0.9408772171043586,0.8936920464934047,7657,7273,0.9999403885143917
4,47,Right-Cerebellum-Cortex,0.9631761989654265,0.9996510194110758,0.01685460294731822,0.055997937671860676,0.0002719996215657439,7.862379142009601e-05,0.9289680638159935,0.9997280003784342,0.9831453970526818,0.9440020623281393,34912,33522,0.9999213762085799
4,49,Right-Thalamus-Proper*,0.9543923296190723,0.9999025070100783,0.036242313227790146,0.05479276273578848,5.9195476633798624e-05,3.8401611259564206e-05,0.9127633209417596,0.9999408045233662,0.9637576867722099,0.9452072372642115,7793,7643,0.9999615983887404
4,50,Right-Caudate,0.9027705175117616,0.9999484838178255,0.1304128902316214,0.06141304347826082,1.565303781136732e-05,3.587659117532116e-05,0.822772748928061,0.9999843469621886,0.8695871097683786,0.9385869565217392,1840,1986,0.9999641234088247
4,51,Right-Putamen,0.9021490626428899,0.9998814573872543,0.09182968929804369,0.1037928684987508,6.332545668116132e-05,5.528897217799145e-05,0.821740941274469,0.9999366745433188,0.9081703107019563,0.8962071315012492,4403,4345,0.999944711027822
4,52,Right-Pallidum,0.8182941903584673,0.9999592855979589,0.11021505376344087,0.2425629290617849,2.936170967141477e-05,1.1357092185471096e-05,0.6924686192468619,0.9999706382903286,0.8897849462365591,0.7574370709382151,874,744,0.9999886429078145
4,53,Right-Hippocampus,0.8889867841409692,0.9999302038822152,0.1282937365010799,0.09303370786516851,2.867545576312245e-05,4.1142532277160804e-05,0.8001586042823157,0.9999713245442369,0.8717062634989201,0.9069662921348315,2225,2315,0.9999588574677228
4,54,Right-Amygdala,0.894484412470024,0.9999756267525196,0.10120481927710845,0.10978520286396176,1.2742025777118147e-05,1.1634036426122485e-05,0.8091106290672451,0.9999872579742228,0.8987951807228916,0.8902147971360382,838,830,0.9999883659635739
4,58,Right-Accumbens-area,0.6451612903225806,0.9999939066881299,0.2727272727272727,0.42028985507246375,4.016077048853638e-06,2.0772852595829505e-06,0.47619047619047616,0.9999959839229512,0.7272727272727273,0.5797101449275363,69,55,0.9999979227147404
4,60,Right-VentralDC,0.9227430555555556,0.9999753497837982,0.05258467023172908,0.10067681895093061,1.648219991661946e-05,8.171914928967183e-06,0.8565672844480258,0.9999835178000834,0.9474153297682709,0.8993231810490694,1182,1122,0.999991828085071
5,2,Left-Cerebral-White-Matter,0.8901717835630073,0.9955686389424669,0.043707827882452754,0.16739646869983948,0.0036796653186886266,0.000838890790204827,0.8020806917495995,0.9963203346813114,0.9562921721175472,0.8326035313001605,155750,135605,0.9991611092097952
5,3,Left-Cerebral-Cortex,0.8503618173909605,0.9947594748229893,0.1988257033857892,0.09401594176033434,0.0015744711594361592,0.003757066323118452,0.7396777788478737,0.9984255288405638,0.8011742966142108,0.9059840582396657,118682,134208,0.9962429336768815
5,4,Left-Lateral-Ventricle,0.7461682242990654,0.9997179073572863,0.39963906156005613,0.014483212639894716,6.097522950591356e-06,0.00027611549690953474,0.5951103160405486,0.9999939024770494,0.6003609384399439,0.9855167873601053,3038,4987,0.9997238845030905
5,8,Left-Cerebellum-Cortex,0.9101363803907114,0.9993247502573039,0.10178246635140054,0.07762420620097121,0.00028887021164260946,0.0003889210595888759,0.8350919913419913,0.9997111297883574,0.8982175336485995,0.9223757937990288,26770,27490,0.9996110789404111
5,10,Left-Thalamus-Proper*,0.9094861046421363,0.9998385272354422,0.1428153350892596,0.03141534391534395,2.63369538790036e-05,0.0001352740352577042,0.833997722095672,0.999973663046121,0.8571846649107404,0.968584656084656,6048,6834,0.9998647259647423
5,11,Left-Caudate,0.7757943591574438,0.9998260636429807,0.1772056039379023,0.26612630867950016,0.00010916560214042159,6.483726746386864e-05,0.6337124526100905,0.9998908343978595,0.8227943960620977,0.7338736913204998,2961,2641,0.9999351627325361
5,12,Left-Putamen,0.7681940700808625,0.9997856262096609,0.18803418803418803,0.2710997442455243,0.00013217190161145812,8.229981712537526e-05,0.6236323851203501,0.9998678280983886,0.811965811965812,0.7289002557544757,3519,3159,0.9999177001828746
5,13,Left-Pallidum,0.6962663975782039,0.9999166324148682,0.09685863874345546,0.43349753694581283,7.312747947860108e-05,1.0249571526399492e-05,0.5340557275541795,0.9999268725205214,0.9031413612565445,0.5665024630541872,1218,764,0.9999897504284736
5,14,3rd-Ventricle,0.8994378513429107,0.9999777040179298,0.09319899244332497,0.10780669144981414,1.2049464297437287e-05,1.0248988085548305e-05,0.8172531214528944,0.9999879505357026,0.906801007556675,0.8921933085501859,807,794,0.9999897510119145
5,15,4th-Ventricle,0.8844984802431611,0.999978950377176,0.11684370257966614,0.11415525114155256,1.0387275006429723e-05,1.0664266052673455e-05,0.7929155313351499,0.9999896127249935,0.8831562974203339,0.8858447488584474,657,659,0.9999893357339473
5,16,Brain-Stem,0.9369942820153199,0.9998382502667209,0.09822448343889523,0.0249242169080498,3.078458679527044e-05,0.00013116799833612358,0.8814574241347812,0.9999692154132047,0.9017755165611048,0.9750757830919502,8907,9631,0.9998688320016639
5,17,Left-Hippocampus,0.829723991507431,0.9998889355427313,0.09829257037378869,0.23161620133700356,8.159177377607144e-05,2.9507560377228792e-05,0.7089985486211902,0.9999184082262239,0.9017074296262113,0.7683837986629964,2543,2167,0.9999704924396228
5,18,Left-Amygdala,0.8523489932885906,0.9999695334406494,0.10939691444600286,0.18275418275418276,1.9666721096394772e-05,1.0802942555399042e-05,0.7426900584795322,0.9999803332789036,0.8906030855539971,0.8172458172458172,777,713,0.9999891970574446
5,26,Left-Accumbens-area,0.3388704318936877,0.9999724416122239,0.5321100917431192,0.734375,1.952658960634257e-05,8.032306490712848e-06,0.204,0.9999804734103936,0.46788990825688076,0.265625,192,109,0.9999919676935093
5,28,Left-VentralDC,0.7227827934147637,0.9998554223274457,0.05747922437673125,0.41386735572782085,0.00013311008883055376,1.1497899209178541e-05,0.5659043659043659,0.9998668899111695,0.9425207756232687,0.5861326442721791,2322,1444,0.9999885021007908
5,41,Right-Cerebral-White-Matter,0.8954184108193209,0.9957132166150212,0.0390285643840782,0.16176228730469988,0.0036104079931860663,0.0007620054079446881,0.8106403543114418,0.996389592006814,0.9609714356159218,0.8382377126953001,158090,137899,0.9992379945920553
5,42,Right-Cerebral-Cortex,0.8455535545836549,0.9947623829945637,0.19865940121985204,0.10506980161645851,0.001713942623602689,0.0036122092277829365,0.7324320309017976,0.9982860573763973,0.801340598780148,0.8949301983835415,115685,129196,0.9963877907722171
5,43,Right-Lateral-Ventricle,0.7938388625592417,0.9998313260486866,0.3311466058185967,0.023730224812656076,7.897442974226903e-06,0.00016083384243270604,0.6581532416502947,0.9999921025570258,0.6688533941814033,0.9762697751873439,2402,3506,0.9998391661575673
5,47,Right-Cerebellum-Cortex,0.8813741476430478,0.9991134231228999,0.12278695780466209,0.11442508191837952,0.00042716627374227124,0.0004627354126448546,0.787907901275468,0.9995728337262577,0.8772130421953379,0.8855749180816205,26856,27112,0.9995372645873551
5,49,Right-Thalamus-Proper*,0.9324516615049804,0.9998882431209278,0.1030595813204509,0.029109290569984347,2.3146794196724466e-05,8.870046200470938e-05,0.8734514662066802,0.9999768532058033,0.8969404186795491,0.9708907094300157,5737,6210,0.9999112995379953
5,50,Right-Caudate,0.7979044932500504,0.9998611001862338,0.016393442622950838,0.32881355932203393,0.00013436728730039358,4.5718516359372074e-06,0.6637613141133087,0.9998656327126996,0.9836065573770492,0.6711864406779661,2950,2013,0.9999954281483641
5,51,Right-Putamen,0.7938772862887534,0.9997799483508728,0.24667651403249635,0.16095420893885382,8.133607317198215e-05,0.00013883144656967605,0.6582060658206066,0.999918663926828,0.7533234859675036,0.8390457910611462,3647,4062,0.9998611685534303
5,52,Right-Pallidum,0.7318695941450433,0.9999441908026443,0.24033149171270718,0.2939666238767651,3.171609853762471e-05,2.4098878529610346e-05,0.577124868835257,0.9999682839014624,0.7596685082872928,0.7060333761232349,779,724,0.9999759011214704
5,53,Right-Hippocampus,0.8657221399873123,0.9999120624309655,0.08370635631154877,0.17955911823647297,6.206019340061877e-05,2.5905526286007508e-05,0.7632363907531693,0.9999379398065994,0.9162936436884512,0.820440881763527,2495,2234,0.999974094473714
5,54,Right-Amygdala,0.8049901510177282,0.9999588701448768,0.19764397905759157,0.1923583662714098,2.0220856067946507e-05,2.0913336656436243e-05,0.6736263736263737,0.9999797791439321,0.8023560209424084,0.8076416337285902,759,764,0.9999790866633436
5,58,Right-Accumbens-area,0.2553191489361702,0.9999563774263844,0.48571428571428577,0.8301886792452831,3.656040284024475e-05,7.063013436114929e-06,0.14634146341463414,0.9999634395971597,0.5142857142857142,0.16981132075471697,318,105,0.9999929369865639
5,60,Right-VentralDC,0.7334352701325179,0.9998551453587243,0.034875922199865905,0.40854911631730373,0.00013768188310032451,7.203613886841431e-06,0.5790744466800805,0.9998623181168996,0.9651240778001341,0.5914508836826963,2433,1491,0.9999927963861132
6,2,Left-Cerebral-White-Matter,0.9103111386544666,0.9965928692740872,0.07157835249327049,0.10710633398410963,0.0021134402494867037,0.001359374309350736,0.8353862932309195,0.9978865597505133,0.9284216475067295,0.8928936660158904,139833,134482,0.9986406256906493
6,3,Left-Cerebral-Cortex,0.8889498931639049,0.9945660121711135,0.14777573988257386,0.07101662733128666,0.001706186353749304,0.0038617561354815644,0.8000988323518025,0.9982938136462507,0.8522242601174261,0.9289833726687133,169059,184286,0.9961382438645184
6,4,Left-Lateral-Ventricle,0.9442874901118771,0.9999317272101828,0.06803479812625479,0.04306000916170405,2.6051233075532363e-05,4.226328334999696e-05,0.8944551487904089,0.9999739487669245,0.9319652018737452,0.956939990838296,4366,4483,0.99995773671665
6,8,Left-Cerebellum-Cortex,0.9637521430320842,0.9996310776631373,0.03588054338061142,0.03661489078099067,0.0001873530040996345,0.00018345633119909444,0.9300401796265658,0.9998126469959003,0.9641194566193886,0.9633851092190093,36761,36733,0.9998165436688009
6,10,Left-Thalamus-Proper*,0.9655684179281686,0.9999357432566426,0.027503736920777233,0.041261420571765406,3.881157838095283e-05,2.5505090899269334e-05,0.933428981348637,0.9999611884216191,0.9724962630792228,0.9587385794282346,6786,6690,0.9999744949091007
6,11,Left-Caudate,0.9590808939250866,0.9999639940662222,0.045725023488881966,0.036064536539069936,1.5794201006700205e-05,2.0227571260300614e-05,0.9213788932567282,0.9999842057989933,0.954274976511118,0.9639354634609301,3161,3193,0.9999797724287397
6,12,Left-Putamen,0.9323936309057688,0.9999282651011656,0.07100130039011698,0.06418653392716789,3.394674407078547e-05,3.782622521286694e-05,0.8733496332518338,0.9999660532559292,0.928998699609883,0.9358134660728321,3817,3845,0.9999621737747871
6,13,Left-Pallidum,0.9007148530579825,0.999965378909829,0.10919088766692853,0.08915662650602407,1.5374474411126464e-05,1.9252645542033875e-05,0.819364161849711,0.9999846255255889,0.8908091123330715,0.9108433734939759,1245,1273,0.999980747354458
6,14,3rd-Ventricle,0.9378306878306878,0.9999869824700957,0.05968169761273212,0.06464379947229548,6.786442294881167e-06,6.232450458276695e-06,0.8829389788293898,0.9999932135577051,0.9403183023872679,0.9353562005277045,758,754,0.9999937675495417
6,15,4th-Ventricle,0.8920425747592499,0.9999705028311743,0.16030534351145043,0.048648648648648596,6.232700792688737e-06,2.326835322519205e-05,0.8051235132662397,0.9999937672992073,0.8396946564885496,0.9513513513513514,925,1048,0.9999767316467748
6,16,Brain-Stem,0.8895005898545025,0.999688687157182,0.15809062994323997,0.05720537668021253,7.614123436174853e-05,0.00023559804671335893,0.8009915014164306,0.9999238587656383,0.84190937005676,0.9427946233197875,9597,10747,0.9997644019532866
6,17,Left-Hippocampus,0.862570735650768,0.9999058306347347,0.1477635782747604,0.1268412438625205,4.294504364324693e-05,5.12565615324867e-05,0.7583511016346838,0.9999570549563568,0.8522364217252396,0.8731587561374795,2444,2504,0.9999487434384675
6,18,Left-Amygdala,0.8720864127345083,0.9999688410188461,0.13528748590755357,0.12041284403669728,1.4542644226674118e-05,1.6620130301792102e-05,0.7731854838709677,0.9999854573557734,0.8647125140924464,0.8795871559633027,872,887,0.9999833798696982
6,26,Left-Accumbens-area,0.8336673346693386,0.9999885057980632,0.08771929824561409,0.2324723247232472,8.72479020341779e-06,2.769791161871815e-06,0.7147766323024055,0.9999912752097966,0.9122807017543859,0.7675276752767528,271,228,0.9999972302088381
6,28,Left-VentralDC,0.9350850077279753,0.9999534692548101,0.05689789555728764,0.07279693486590033,2.6321381855923405e-05,2.0226027239722555e-05,0.8780841799709724,0.9999736786181441,0.9431021044427124,0.9272030651340997,2610,2566,0.9999797739727603
6,41,Right-Cerebral-White-Matter,0.9055965313942864,0.9962369644671288,0.052599059381110536,0.1326745191987755,0.0028145837706782684,0.0010233691927404864,0.8274795880791843,0.9971854162293218,0.9474009406188895,0.8673254808012245,150270,137569,0.9989766308072595
6,42,Right-Cerebral-Cortex,0.8794686291992554,0.9942527605472459,0.16889162128930268,0.06619547184240882,0.001524821647154026,0.0043587583375348515,0.7848674763748711,0.9984751783528459,0.8311083787106973,0.9338045281575912,162141,182176,0.9956412416624651
6,43,Right-Lateral-Ventricle,0.939893689518877,0.9999389283969383,0.04434589800443456,0.0753553231429338,3.893355856604794e-05,2.2168945934541995e-05,0.8866032399074312,0.9999610664414339,0.9556541019955654,0.9246446768570662,3729,3608,0.9999778310540655
6,47,Right-Cerebellum-Cortex,0.9621338664492115,0.9996013035255903,0.034449988120693775,0.04125819134993447,0.00021912389145098022,0.00018168194883338984,0.9270307945760994,0.999780876108549,0.9655500118793062,0.9587418086500655,38150,37881,0.9998183180511666
6,49,Right-Thalamus-Proper*,0.9662466946648002,0.9999398977874631,0.033001245330012474,0.03450419645632574,3.077090259096544e-05,2.938486662740214e-05,0.934697562443575,0.999969229097409,0.9669987546699875,0.9654958035436743,6434,6424,0.9999706151333726
6,50,Right-Caudate,0.9559199638934858,0.9999594240823195,0.05502676977989296,0.0328767123287671,1.4963277622833961e-05,2.5631266931336327e-05,0.9155619596541786,0.9999850367223772,0.944973230220107,0.9671232876712329,3285,3362,0.9999743687330687
6,51,Right-Putamen,0.9306384933394579,0.9999163554461468,0.06807727690892362,0.07064220183486236,4.2678881325550625e-05,4.1016135969629275e-05,0.8702749140893471,0.9999573211186744,0.9319227230910764,0.9293577981651376,4360,4348,0.9999589838640304
6,52,Right-Pallidum,0.925238898257448,0.999981581580029,0.08960176991150437,0.059428571428571386,7.202088384028649e-06,1.1218592615103162e-05,0.8608786610878661,0.999992797911616,0.9103982300884956,0.9405714285714286,875,904,0.9999887814073849
6,53,Right-Hippocampus,0.9293456443195504,0.9999512535050392,0.0813492063492064,0.05970755483346868,2.0364307768692496e-05,2.839897652862078e-05,0.8680164979377578,0.9999796356922314,0.9186507936507936,0.9402924451665313,2462,2520,0.9999716010234714
6,54,Right-Amygdala,0.8643497757847534,0.9999664867847144,0.17803837953091683,0.08865248226950351,1.0387676393132832e-05,2.31295980464008e-05,0.7611056268509379,0.9999896123236068,0.8219616204690832,0.9113475177304965,846,938,0.9999768704019536
6,58,Right-Accumbens-area,0.794425087108014,0.9999836588454393,0.17391304347826086,0.2348993288590604,9.694275779433622e-06,6.647523645098019e-06,0.6589595375722543,0.9999903057242205,0.8260869565217391,0.7651006711409396,298,276,0.9999933524763549
6,60,Right-VentralDC,0.935789857716162,0.9999512535050392,0.06964091403699668,0.05871559633027523,2.216596070390779e-05,2.659903492607807e-05,0.8793280767912238,0.9999778340392961,0.9303590859630033,0.9412844036697248,2725,2757,0.9999734009650739
7,2,Left-Cerebral-White-Matter,0.9041540865836994,0.996755588397891,0.11098328211234287,0.08018412465872016,0.0013573849604620943,0.0019427125816234847,0.8250741053228902,0.9986426150395379,0.8890167178876571,0.9198158753412798,120136,124298,0.9980572874183765
7,3,Left-Cerebral-Cortex,0.9036342977588223,0.9951375371276571,0.09564591619240148,0.09708434342880334,0.0025147052221652067,0.002473608075120648,0.824208834617522,0.9974852947778348,0.9043540838075985,0.9029156565711967,182326,182036,0.9975263919248794
7,4,Left-Lateral-Ventricle,0.9152542372881356,0.9999452986775298,0.07421875,0.0950360627916843,3.1030397599133805e-05,2.3688557803214216e-05,0.84375,0.9999689696024009,0.92578125,0.9049639372083157,2357,2304,0.9999763114421968
7,8,Left-Cerebellum-Cortex,0.9583062991903862,0.9995906402298176,0.049150502421138054,0.034119018509567556,0.00016700752438483823,0.0002443687680571127,0.9199501719608958,0.9998329924756152,0.950849497578862,0.9658809814904324,35171,35727,0.9997556312319429
7,10,Left-Thalamus-Proper*,0.9694174757281553,0.9999476529116614,0.03136620856911887,0.029797570850202404,2.550296631376937e-05,2.688895982272399e-05,0.940650023551578,0.9999744970336862,0.9686337914308811,0.9702024291497976,6175,6185,0.9999731110401773
7,11,Left-Caudate,0.9596298069251635,0.9999649634567469,0.04660748256182623,0.034050754898811486,1.4685756672528962e-05,2.0365980831882347e-05,0.9223926380368098,0.9999853142433275,0.9533925174381738,0.9659492451011885,3113,3154,0.9999796340191681
7,12,Left-Putamen,0.9435332415174659,0.9999375435533314,0.06686478454680533,0.04583438845277288,2.5079693844833457e-05,3.7411236645024104e-05,0.8931026309552027,0.9999749203061552,0.9331352154531947,0.9541656115472271,3949,4038,0.999962588763355
7,13,Left-Pallidum,0.9282482223658695,0.9999692564719281,0.04521276595744683,0.09685534591194966,2.1331034383411214e-05,9.419010499667202e-06,0.8661037394451147,0.9999786689656166,0.9547872340425532,0.9031446540880503,1590,1504,0.9999905809895003
7,14,3rd-Ventricle,0.9364406779661016,0.9999916909383589,0.06553911205073992,0.06157112526539277,4.016309540577121e-06,4.2932952162288984e-06,0.8804780876494024,0.9999959836904594,0.9344608879492601,0.9384288747346072,471,473,0.9999957067047838
7,15,4th-Ventricle,0.6826417299824664,0.9999248029921485,0.22237017310252993,0.3916666666666667,5.207553556433607e-05,2.312996324693728e-05,0.518189884649512,0.9999479244644357,0.7776298268974701,0.6083333333333333,960,751,0.9999768700367531
7,16,Brain-Stem,0.6628619998785744,0.9992309963451208,0.49000373692077726,0.053407317496098505,4.271650332689442e-05,0.0007269310274813368,0.49573192880494005,0.9999572834966731,0.5099962630792227,0.9465926825039015,5767,10704,0.9992730689725187
7,17,Left-Hippocampus,0.9152673229106351,0.9999392053656596,0.13086510263929618,0.033428454953118636,1.1360009221002606e-05,4.9455716977009345e-05,0.8437722419928826,0.999988639990779,0.8691348973607038,0.9665715450468814,2453,2728,0.999950544283023
7,18,Left-Amygdala,0.8628719275549805,0.9999706413155349,0.15889029003783106,0.11420982735723773,1.1910963058148075e-05,1.7450849198463736e-05,0.7588168373151308,0.9999880890369418,0.8411097099621689,0.8857901726427623,753,793,0.9999825491508015
7,26,Left-Accumbens-area,0.7818181818181819,0.9999867055013744,0.18483412322274884,0.24890829694323147,7.893839218559773e-06,5.401061350052139e-06,0.6417910447761194,0.9999921061607815,0.8151658767772512,0.7510917030567685,229,211,0.99999459893865
7,28,Left-VentralDC,0.913715515554686,0.9999389283969383,0.10019267822736033,0.07193958664546896,2.5074680294362893e-05,3.6018483577482385e-05,0.8411383285302594,0.9999749253197057,0.8998073217726397,0.928060413354531,2516,2595,0.9999639815164225
7,41,Right-Cerebral-White-Matter,0.9112211773901531,0.9969170611624488,0.09965798225290401,0.07763353355292901,0.0013554853316921662,0.0017818374878543208,0.8369203721339096,0.9986445146683078,0.900342017747096,0.922366466447071,123864,126894,0.9982181625121457
7,42,Right-Cerebral-Cortex,0.9041761212234425,0.9951693885306144,0.09926822727098583,0.09235308716873947,0.002379117190524734,0.0025763819767186114,0.8251108036018692,0.9976208828094753,0.9007317727290142,0.9076469128312605,181315,182707,0.9974236180232814
7,43,Right-Lateral-Ventricle,0.9151943462897526,0.9999534692548101,0.08109477952356814,0.08848667672197086,2.4379908794207113e-05,2.216360257167871e-05,0.8436482084690554,0.9999756200912058,0.9189052204764319,0.9115133232780291,1989,1973,0.9999778363974283
7,47,Right-Cerebellum-Cortex,0.9645998301230239,0.9996421564119921,0.03661439947459155,0.03418287564127187,0.0001734291749907335,0.00018623215466562204,0.9316203127894361,0.9998265708250093,0.9633856005254084,0.9658171243587281,36451,36543,0.9998137678453344
7,49,Right-Thalamus-Proper*,0.9691301829015972,0.9999483453334648,0.04501712608057418,0.016297043010752743,1.3444397920359544e-05,3.825321410155791e-05,0.9401091843288375,0.9999865556020796,0.9549828739194258,0.9837029569892473,5952,6131,0.9999617467858984
7,50,Right-Caudate,0.9619524026072457,0.9999652404254683,0.03993948562783656,0.03614823815309842,1.648718495448775e-05,1.8288273060496074e-05,0.9266939252336449,0.9999835128150455,0.9600605143721634,0.9638517618469016,3292,3305,0.9999817117269395
7,51,Right-Putamen,0.9227876366200494,0.9999090157750304,0.0930930930930931,0.06076555023923447,3.5196127649980883e-05,5.584152203763626e-05,0.8566441195723326,0.99996480387235,0.9069069069069069,0.9392344497607655,4180,4329,0.9999441584779624
7,52,Right-Pallidum,0.8634520054078414,0.9999580392387127,0.08500477554918817,0.18259385665529015,2.9639950775521002e-05,1.232710883591892e-05,0.7597145122918318,0.9999703600492245,0.9149952244508118,0.8174061433447098,1172,1047,0.9999876728911641
7,53,Right-Hippocampus,0.9266106442577031,0.9999455756462511,0.0598711633194392,0.08652430044182624,3.255572258257482e-05,2.188876186637323e-05,0.8632567849686847,0.9999674442774175,0.9401288366805608,0.9134756995581738,2716,2639,0.9999781112381336
7,54,Right-Amygdala,0.9068600111544897,0.9999768731117658,0.10659340659340655,0.07927519818799544,9.695127035249542e-06,1.3434625795172295e-05,0.8295918367346938,0.9999903048729647,0.8934065934065935,0.9207248018120046,883,910,0.9999865653742048
7,58,Right-Accumbens-area,0.7758620689655172,0.9999819970331111,0.21875,0.22945205479452058,9.278822237708469e-06,8.724867534337655e-06,0.6338028169014085,0.9999907211777623,0.78125,0.7705479452054794,292,288,0.9999912751324657
7,60,Right-VentralDC,0.9398455737116179,0.9999536077391707,0.06569082470546228,0.054552023121387294,2.091925293053104e-05,2.5490893655333302e-05,0.8865176151761518,0.9999790807470694,0.9343091752945377,0.9454479768786127,2768,2801,0.9999745091063447
8,2,Left-Cerebral-White-Matter,0.8529689152605795,0.9946673827231343,0.0804876844046365,0.20459319921666375,0.004046729656485754,0.0013808138200580578,0.7436319090291741,0.9959532703435142,0.9195123155953635,0.7954068007833363,140425,121472,0.9986191861799419
8,3,Left-Cerebral-Cortex,0.8421901496024419,0.9913008279149019,0.22797490742276016,0.07361597002304643,0.0019017932253899104,0.00703073098608209,0.7273993646826017,0.9980982067746101,0.7720250925772398,0.9263840299769536,180939,217116,0.9929692690139179
8,4,Left-Lateral-Ventricle,0.9369317361812671,0.999939482334381,0.07230637324949984,0.05364431486880461,2.549347540219075e-05,3.5053193567669005e-05,0.8813467282106978,0.9999745065245979,0.9276936267505002,0.9463556851311954,3430,3499,0.9999649468064323
8,8,Left-Cerebellum-Cortex,0.9641646801108176,0.9996148749929373,0.04711935204523454,0.024280833528936174,0.0001296337810873921,0.00025756370629437253,0.930808847311721,0.9998703662189126,0.9528806479547655,0.9757191664710638,38343,39262,0.9997424362937056
8,10,Left-Thalamus-Proper*,0.9722100336404856,0.99994737594294,0.026651047005418094,0.028926223520818084,2.7445859230742467e-05,2.522806797222721e-05,0.9459228689341113,0.9999725541407692,0.9733489529945819,0.9710737764791819,6845,6829,0.9999747719320278
8,11,Left-Caudate,0.9561741613133476,0.9999574853012699,0.04177396280400569,0.045868945868945854,2.2306778614366645e-05,2.0228549355350012e-05,0.9160284463894968,0.9999776932213856,0.9582260371959943,0.9541310541310541,3510,3495,0.9999797714506446
8,12,Left-Putamen,0.8517138599105812,0.9998346496733431,0.23749166110740494,0.03544303797468351,1.745990284811201e-05,0.00014797414664435848,0.7417261518494485,0.9999825400971519,0.7625083388925951,0.9645569620253165,3555,4497,0.9998520258533556
8,13,Left-Pallidum,0.9088863892013498,0.9999551310671383,0.04829210836277975,0.13024757804090414,3.352109765249814e-05,1.1358640198966263e-05,0.8329896907216495,0.9999664789023475,0.9517078916372202,0.8697524219590959,1858,1698,0.999988641359801
8,14,3rd-Ventricle,0.9165867689357622,0.9999879518606205,0.06274509803921569,0.1031894934333959,7.617177816229907e-06,4.431826664652583e-06,0.8460176991150442,0.9999923828221837,0.9372549019607843,0.8968105065666041,533,510,0.9999955681733353
8,15,4th-Ventricle,0.9290038525041276,0.9999821355174717,0.09829059829059827,0.041997729852440435,5.12458560107788e-06,1.274211578128348e-05,0.8674203494347379,0.9999948754143989,0.9017094017094017,0.9580022701475596,881,936,0.9999872578842187
8,16,Brain-Stem,0.9611342373160779,0.9998694092478748,0.025246614278548685,0.05210958458661896,8.891576860815611e-05,4.189364258422312e-05,0.9251765452669999,0.9999110842313919,0.9747533857214513,0.947890415413381,12301,11962,0.9999581063574158
8,17,Left-Hippocampus,0.9257163070392642,0.9999418365685127,0.10986394557823131,0.03574060427413417,1.3438454372706804e-05,4.474726660697037e-05,0.8617056305564702,0.9999865615456273,0.8901360544217687,0.9642593957258658,2714,2940,0.999955252733393
8,18,Left-Amygdala,0.8865522966242391,0.9999716107060598,0.13498920086393085,0.09080590238365494,1.1080169737120203e-05,1.7312657311419066e-05,0.7962226640159046,0.9999889198302628,0.8650107991360692,0.9091940976163451,881,926,0.9999826873426886
8,26,Left-Accumbens-area,0.6850828729281768,0.9999763191743231,0.3716216216216216,0.24696356275303644,8.447892292420052e-06,1.5233800757075144e-05,0.5210084033613446,0.9999915521077076,0.6283783783783784,0.7530364372469636,247,296,0.9999847661992429
8,28,Left-VentralDC,0.92902767920511,0.9999446062557263,0.0788177339901478,0.06299212598425197,2.4382843898539663e-05,3.1032504054340215e-05,0.8674618952948973,0.9999756171561015,0.9211822660098522,0.937007874015748,2794,2842,0.9999689674959457
8,41,Right-Cerebral-White-Matter,0.8432479645631219,0.994432928700496,0.07242000514712188,0.2270277225740961,0.004470148478519556,0.00119217990986209,0.728979019470363,0.9955298515214804,0.9275799948528781,0.7729722774259039,139886,116570,0.9988078200901379
8,42,Right-Cerebral-Cortex,0.8255645864810983,0.9903912626339282,0.26336615895376747,0.06108398046593544,0.001526406242118438,0.008331206878982811,0.7029459236140545,0.9984735937578816,0.7366338410462325,0.9389160195340646,174874,222895,0.9916687931210172
8,43,Right-Lateral-Ventricle,0.876589647143113,0.9999045842754886,0.180509042196919,0.057758952637658845,2.0781247445638334e-05,7.466992499061131e-05,0.7802933673469388,0.9999792187525544,0.819490957803081,0.9422410473623412,2597,2986,0.9999253300750094
8,47,Right-Cerebellum-Cortex,0.9692748162562126,0.999656697269864,0.034566194262011796,0.02685348796694953,0.00015026745936581282,0.0001949629646960105,0.9403814242081721,0.9998497325406341,0.9654338057379882,0.9731465120330505,40181,40502,0.999805037035304
8,49,Right-Thalamus-Proper*,0.9745021122510561,0.9999531922860887,0.03395154053245586,0.01689497716894972,1.538601004165866e-05,3.1464577677442485e-05,0.950272178902457,0.9999846139899583,0.9660484594675441,0.9831050228310503,6570,6686,0.9999685354223226
8,50,Right-Caudate,0.9441310770883696,0.9999423905059553,0.07597266035751837,0.03487095002745744,1.7596783695900976e-05,4.0042175911247924e-05,0.894174510302722,0.999982403216304,0.9240273396424816,0.9651290499725426,3642,3804,0.9999599578240888
8,51,Right-Putamen,0.9252805986103688,0.9999031994318818,0.10596984094195416,0.0412051395657953,2.5775370967869338e-05,7.10869147696469e-05,0.860950865327233,0.9999742246290322,0.8940301590580458,0.9587948604342047,4514,4841,0.9999289130852304
8,52,Right-Pallidum,0.8826860841423948,0.9999598395354016,0.06672369546621049,0.16270145817344595,2.9363438059697254e-05,1.0803729613706459e-05,0.7900072411296162,0.9999706365619403,0.9332763045337895,0.837298541826554,1303,1169,0.9999891962703863
8,53,Right-Hippocampus,0.9169562195969423,0.999933804475593,0.1182759772803208,0.044878754976474866,1.7179181215285758e-05,4.904222882240461e-05,0.8466474173885146,0.9999828208187848,0.8817240227196792,0.9551212450235251,2763,2993,0.9999509577711776
8,54,Right-Amygdala,0.8866525423728814,0.9999703643468136,0.14065708418891165,0.08424507658643321,1.0664734272217757e-05,1.897475913825719e-05,0.796384395813511,0.9999893352657278,0.8593429158110883,0.9157549234135668,914,974,0.9999810252408617
8,58,Right-Accumbens-area,0.6057347670250897,0.9999695334406494,0.49096385542168675,0.2522123893805309,7.893971498608169e-06,2.257365728974836e-05,0.43444730077120824,0.9999921060285014,0.5090361445783133,0.7477876106194691,226,332,0.9999774263427103
8,60,Right-VentralDC,0.9353117705901968,0.9999462680680545,0.06934306569343063,0.05998659517426275,2.479905148477047e-05,2.895519675127911e-05,0.8784841841528344,0.9999752009485152,0.9306569343065694,0.9400134048257373,2984,3014,0.9999710448032487
